Study_Hours,Attendance_Percentage,Previous_Marks,Assignments_Completed,Final_Score,Pass_Fail
4.37,59.26,55.7,2,38.74,0
9.56,77.1,54.82,8,80.49,1
7.59,93.65,94.38,4,78.67,1
6.39,86.61,54.97,7,62.6,1
2.4,90.33,56.32,6,58.65,1
2.4,82.94,85.56,7,56.74,1
1.52,84.61,66.98,6,48.7,0
8.8,92.46,86.6,2,67.42,1
6.41,62.48,43.92,1,41.05,0
7.37,74.47,69.25,6,60.82,1
1.19,61.06,42.02,2,37.9,0
9.73,99.38,43.76,2,60.03,1
8.49,97.2,94.39,1,72.75,1
2.91,51.97,48.35,3,35.33,0
2.64,85.28,71.95,7,50.13,1
2.65,96.26,64.67,0,46.63,0
3.74,59.03,60.84,0,29.84,0
5.72,78.4,93.99,4,65.84,1
4.89,95.77,41.31,10,56.92,1
3.62,51.7,79.83,4,61.28,1
6.51,84.87,97.8,10,87.14,1
2.26,64.87,73.61,0,41.22,0
3.63,96.22,96.21,5,73.5,1
4.3,98.55,43.14,0,39.16,0
5.1,97.21,65.13,4,62.46,1
8.07,73.71,55.61,8,68.59,1
2.8,93.1,83.85,4,60.09,1
5.63,92.23,98.88,5,78.54,1
6.33,65.96,55.39,7,63.3,1
1.42,91.45,79.25,10,67.05,1
6.47,51.85,51.89,0,33.83,0
2.53,79.81,73.92,1,41.68,0
1.59,61.5,67.84,8,52.0,1
9.54,56.03,98.32,2,69.02,1
9.69,53.85,76.51,5,62.3,1
8.28,84.81,60.97,4,76.0,1
3.74,66.99,46.85,10,64.39,1
1.88,86.24,49.07,1,41.68,0
7.16,53.27,53.52,6,56.96,1
4.96,65.76,55.06,3,47.01,0
2.1,76.97,91.04,0,43.19,0
5.46,89.54,73.67,3,60.04,1
1.31,65.94,71.4,5,49.17,0
9.18,81.29,46.89,6,59.08,1
3.33,94.3,91.61,6,68.34,1
6.96,80.79,83.37,6,69.8,1
3.81,61.65,44.06,2,29.52,0
5.68,51.22,82.47,5,54.88,1
5.92,93.5,72.61,7,67.22,1
2.66,51.06,44.9,3,45.78,0
9.73,93.74,67.5,7,80.09,1
7.98,76.45,69.08,1,51.28,1
9.46,96.95,49.95,9,78.44,1
9.05,89.94,96.74,8,77.91,1
6.38,99.9,91.0,8,84.65,1
9.3,67.54,80.14,7,72.44,1
1.8,88.36,67.74,9,60.02,1
2.76,70.1,64.71,9,64.97,1
1.41,73.99,79.06,0,35.6,0
3.93,81.38,72.73,1,42.93,0
4.5,93.68,43.74,5,50.18,1
3.44,99.2,70.75,9,72.86,1
8.46,88.41,88.38,4,65.75,1
4.21,70.89,67.55,8,46.81,0
3.53,71.07,43.12,4,41.71,0
5.88,86.88,87.18,1,63.0,1
2.27,61.94,52.08,9,57.68,1
8.22,55.52,55.52,3,51.99,1
1.67,67.73,49.88,8,46.63,0
9.88,64.36,59.81,0,61.29,1
7.95,64.82,85.41,10,69.11,1
2.79,61.68,71.16,0,38.71,0
1.05,52.1,52.29,6,41.69,0
8.34,50.89,92.67,10,81.07,1
7.36,99.39,92.77,2,67.56,1
7.56,71.39,92.23,9,79.02,1
7.94,69.22,54.33,1,39.55,0
1.67,83.98,67.07,8,53.79,1
4.23,60.91,99.1,2,58.75,1
2.04,97.5,86.32,1,47.59,0
8.77,89.32,41.63,7,66.57,1
6.61,54.47,43.91,9,60.83,1
3.98,70.88,67.84,5,52.76,1
1.57,93.96,94.55,5,61.94,1
3.8,97.24,72.32,9,63.83,1
3.93,73.37,69.87,10,64.42,1
7.57,80.67,46.33,6,64.0,1
6.74,58.35,79.41,6,65.12,1
8.98,99.56,89.33,10,86.24,1
5.25,61.58,62.83,5,55.41,1
2.08,97.14,86.54,3,60.15,1
7.42,82.48,97.87,10,74.16,1
7.85,80.39,52.23,8,73.16,1
6.05,75.63,71.4,5,59.99,1
7.94,61.53,57.23,3,57.45,1
5.44,58.83,87.57,2,61.63,1
5.7,61.02,74.66,3,48.0,0
4.85,59.32,78.07,2,47.86,0
1.23,88.98,87.87,1,47.79,0
1.97,67.51,63.76,4,41.64,0
1.28,52.89,94.91,1,52.93,1
6.73,98.46,71.98,5,63.82,1
3.83,94.19,49.48,2,44.48,0
5.58,96.39,81.75,5,68.77,1
9.17,99.75,87.6,10,83.14,1
3.24,58.69,59.01,9,53.57,1
4.69,69.81,91.43,8,70.71,1
7.8,87.91,94.37,0,63.73,1
3.06,84.8,56.61,5,51.13,1
1.69,57.69,99.01,8,58.83,1
3.61,90.79,48.44,10,54.14,1
2.45,61.22,52.12,3,41.62,0
9.37,61.19,51.05,10,79.75,1
8.27,76.85,93.64,1,66.24,1
6.7,79.65,79.26,3,63.58,1
8.84,79.0,49.13,0,56.11,1
8.23,54.57,66.42,2,49.08,0
2.68,93.87,76.92,9,75.06,1
9.03,63.28,45.01,8,65.75,1
5.85,56.48,92.94,9,79.97,1
8.27,94.44,88.22,4,70.35,1
9.06,97.78,70.31,10,92.4,1
3.86,93.11,98.03,5,71.56,1
1.99,90.48,65.07,2,49.36,0
3.05,82.76,99.05,4,63.07,1
4.84,77.54,80.08,10,70.4,1
8.36,54.35,78.08,7,75.2,1
8.75,70.42,49.96,5,61.64,1
1.06,68.63,92.92,3,40.42,0
5.6,62.99,65.65,1,42.7,0
4.76,86.17,49.73,8,59.12,1
3.0,74.79,40.76,0,36.23,0
2.08,54.05,73.59,0,37.8,0
4.04,61.01,71.64,3,55.89,1
9.49,84.16,83.16,6,67.74,1
3.91,53.81,93.42,0,49.28,0
5.67,92.56,44.76,8,53.02,1
7.33,74.76,83.89,3,68.23,1
4.27,74.03,51.24,2,44.39,0
9.75,79.62,91.49,0,69.83,1
9.66,91.23,89.14,9,82.83,1
3.27,67.39,72.45,3,55.77,1
5.48,83.9,82.61,8,76.46,1
3.71,78.29,58.86,9,63.5,1
3.56,63.35,68.27,5,51.41,1
1.33,93.93,89.3,5,61.81,1
6.49,89.87,67.56,0,50.92,1
5.52,82.92,61.47,9,71.11,1
1.46,92.53,69.65,1,53.31,1
3.51,93.36,89.69,10,79.7,1
9.17,85.42,60.11,5,64.41,1
3.16,91.85,50.43,1,45.2,0
2.3,84.87,82.72,2,45.09,0
5.41,84.01,89.56,3,66.04,1
9.87,80.93,46.04,10,76.93,1
3.18,87.64,54.39,4,40.44,0
7.05,57.93,48.52,8,53.96,1
7.85,94.04,60.88,3,61.29,1
3.14,93.59,67.02,10,65.17,1
7.55,51.46,84.93,8,64.61,1
4.31,91.29,79.07,10,74.7,1
6.69,56.44,77.26,9,70.45,1
6.7,66.76,61.14,2,51.48,1
5.82,87.18,90.49,7,69.36,1
1.81,58.04,68.28,0,41.87,0
8.52,90.9,98.75,10,97.37,1
3.89,91.61,78.05,8,65.04,1
2.68,75.37,47.58,8,48.98,0
1.37,50.32,80.57,9,58.11,1
6.32,64.35,59.51,1,46.73,0
7.1,80.85,81.18,3,63.57,1
1.15,99.06,44.18,7,53.64,1
5.61,81.59,50.49,6,47.94,0
3.04,62.99,91.34,0,54.19,1
6.81,81.7,53.63,4,57.81,1
2.57,77.0,90.22,6,58.83,1
7.22,88.99,56.76,3,58.43,1
4.48,55.35,78.57,0,45.66,0
9.43,88.05,81.65,8,73.03,1
2.24,77.06,70.76,4,57.71,1
4.07,98.15,58.32,10,67.51,1
2.02,67.09,52.76,1,38.51,0
9.32,81.63,41.99,7,70.99,1
8.9,96.6,58.24,10,73.93,1
3.32,55.13,79.19,1,47.45,0
6.94,96.86,96.3,2,68.27,1
8.35,84.39,92.27,9,87.68,1
6.0,53.39,85.96,0,40.82,0
5.77,65.05,87.31,10,73.12,1
3.18,85.41,79.9,1,47.98,0
1.84,53.37,55.62,6,46.11,0
9.07,79.11,94.43,9,87.19,1
9.1,67.29,80.24,1,58.75,1
6.7,81.05,73.63,5,61.48,1
4.05,52.29,46.66,2,38.03,0
4.14,93.58,66.82,3,50.64,1
7.53,98.67,67.62,10,83.07,1
9.07,98.44,91.87,7,82.09,1
8.98,87.48,72.8,2,51.26,1
8.02,56.5,62.82,9,66.32,1
6.78,87.91,98.61,5,68.92,1
1.76,51.23,46.64,0,20.48,0
2.45,51.11,65.35,6,41.78,0
9.09,66.18,42.52,7,63.26,1
6.46,74.43,84.39,10,82.99,1
1.08,88.52,95.08,7,64.5,1
1.91,84.16,56.8,2,39.62,0
6.97,72.3,91.5,9,79.62,1
1.05,63.68,57.53,0,30.31,0
2.45,99.86,94.65,8,67.01,1
5.94,71.31,85.24,5,58.91,1
7.23,72.57,88.29,10,70.31,1
6.87,58.18,41.08,8,55.18,1
3.02,89.74,97.77,6,67.62,1
7.41,84.68,83.6,0,60.06,1
3.14,61.04,58.29,0,35.45,0
3.93,54.12,89.76,5,52.85,1
7.72,84.02,56.89,4,64.21,1
6.85,82.73,92.37,8,70.79,1
8.64,63.66,46.75,1,54.25,1
6.92,97.54,82.22,7,70.46,1
6.11,57.55,72.44,10,64.77,1
1.84,71.62,45.79,4,33.33,0
4.31,97.18,54.51,1,46.06,0
3.39,70.99,40.74,9,57.76,1
3.2,81.93,68.13,10,67.39,1
9.76,69.88,58.08,10,80.68,1
4.54,63.71,75.9,5,59.47,1
9.03,99.2,57.83,9,72.24,1
6.68,70.47,58.0,7,60.54,1
8.15,94.7,84.59,3,66.8,1
5.52,61.5,42.89,1,47.63,0
6.19,60.66,94.17,10,69.88,1
5.43,51.56,91.14,4,63.7,1
2.76,82.58,80.07,1,53.89,1
7.5,68.43,75.59,1,66.27,1
3.53,93.22,93.54,5,63.47,1
1.22,73.66,51.12,10,56.68,1
6.81,98.41,44.74,9,79.53,1
2.59,59.28,54.37,8,47.56,0
9.46,93.43,87.67,3,66.97,1
9.59,88.83,42.08,5,54.95,1
9.23,88.55,74.97,6,78.85,1
4.33,92.24,99.73,10,69.78,1
1.14,88.05,91.34,5,56.0,1
9.35,81.31,71.29,7,77.22,1
4.85,56.56,43.82,3,43.52,0
9.7,51.63,89.88,0,63.67,1
9.67,96.04,75.94,6,79.28,1
8.68,80.83,46.9,2,62.32,1
3.65,89.83,45.63,5,46.02,0
4.47,74.08,94.58,1,52.97,1
8.66,55.87,80.15,8,69.01,1
3.85,56.26,89.76,0,51.96,1
2.53,84.28,92.74,5,65.49,1
6.01,71.52,74.31,5,63.88,1
9.43,60.03,71.05,4,70.8,1
7.26,74.58,65.83,4,54.93,1
6.13,53.21,59.02,0,52.01,1
1.87,79.1,66.08,9,65.95,1
6.54,63.45,86.43,4,66.64,1
9.91,89.88,76.12,1,76.5,1
2.26,65.52,93.55,6,50.54,1
5.66,72.76,66.6,2,50.07,1
8.9,50.58,76.43,3,57.61,1
7.67,53.62,77.88,2,60.86,1
7.27,69.62,75.5,2,53.51,1
7.32,74.0,82.16,3,67.54,1
4.24,80.0,54.25,4,57.72,1
3.64,64.58,70.74,0,46.72,0
8.28,84.75,46.25,3,58.96,1
8.29,93.01,63.07,10,73.31,1
8.8,88.99,69.26,7,70.35,1
9.22,51.98,79.13,9,81.43,1
5.6,74.03,97.03,6,73.82,1
5.51,55.25,76.04,8,63.45,1
8.18,62.1,84.62,4,64.18,1
6.85,99.33,70.38,9,65.97,1
7.32,57.12,78.05,3,53.78,1
8.16,74.94,44.26,7,72.23,1
9.01,80.91,55.26,8,64.88,1
4.04,85.12,61.71,6,58.59,1
4.38,77.98,68.35,6,64.09,1
1.85,50.49,42.74,4,29.26,0
6.2,66.32,48.4,3,50.22,1
1.32,75.89,56.61,9,58.16,1
5.19,54.39,98.29,0,53.4,1
5.88,67.53,59.88,9,78.52,1
3.58,51.66,68.92,9,49.61,0
6.32,53.93,51.77,6,59.4,1
1.27,69.85,76.65,0,39.29,0
1.34,56.64,56.84,0,35.58,0
8.4,78.38,52.42,4,62.62,1
4.24,84.47,70.99,8,61.13,1
2.14,90.03,40.33,5,46.61,0
5.7,60.01,40.46,2,33.1,0
7.93,58.37,53.14,2,54.46,1
2.94,55.23,42.2,6,44.55,0
6.61,81.82,46.48,5,60.02,1
1.77,85.32,60.33,8,60.88,1
1.47,51.58,88.16,5,52.26,1
5.78,96.81,74.32,4,64.85,1
5.87,52.6,70.76,9,60.01,1
6.74,77.06,57.61,6,57.98,1
7.53,85.45,95.91,0,70.63,1
9.78,93.55,63.82,6,81.49,1
5.65,85.7,45.23,2,47.63,0
3.91,90.09,77.02,8,67.12,1
8.16,66.97,46.83,5,53.31,1
3.44,90.74,60.71,8,66.82,1
4.95,54.01,70.44,4,55.64,1
1.71,94.74,92.45,6,72.66,1
1.23,77.38,69.61,3,41.04,0
9.66,90.86,82.14,6,77.08,1
8.52,72.62,99.57,0,66.86,1
7.26,82.18,47.89,6,64.19,1
4.68,76.32,56.48,7,56.83,1
2.56,86.58,63.67,4,46.45,0
2.41,54.08,65.31,1,42.84,0
3.25,53.02,64.66,4,49.74,0
5.94,62.36,94.46,5,61.08,1
7.43,57.98,82.84,1,63.8,1
6.94,93.59,76.47,5,74.87,1
3.52,60.96,58.56,5,49.23,0
9.59,98.79,89.43,0,70.97,1
7.64,66.84,97.3,0,64.43,1
5.99,59.11,89.27,10,69.27,1
6.51,89.48,40.09,9,64.34,1
4.78,82.94,78.18,2,45.22,0
3.23,74.91,43.07,9,58.36,1
4.2,77.77,55.46,9,52.89,1
7.82,85.96,43.57,2,61.33,1
1.13,61.42,76.23,3,42.33,0
2.04,99.82,81.2,1,50.38,1
1.41,98.74,46.87,8,50.21,1
1.37,82.52,63.03,9,55.39,1
8.7,59.98,67.37,10,81.05,1
7.33,84.01,62.14,6,53.34,1
5.27,53.61,47.26,6,56.45,1
1.88,51.53,65.14,5,46.24,0
5.42,62.88,85.07,2,49.62,0
5.26,73.13,44.26,5,45.68,0
2.56,93.41,44.81,7,60.9,1
4.9,86.36,61.29,7,57.19,1
4.59,87.14,96.5,10,72.08,1
6.54,71.27,80.11,8,76.33,1
6.72,67.3,80.72,0,56.16,1
1.41,68.55,61.72,0,31.05,0
4.37,99.38,75.62,2,58.57,1
6.63,52.01,40.61,2,38.04,0
5.53,93.35,78.17,9,79.44,1
8.71,78.93,94.8,7,85.3,1
6.93,71.93,76.75,9,75.39,1
2.47,86.26,92.42,0,52.95,1
1.64,74.33,83.44,1,54.79,1
6.78,93.67,47.23,1,51.86,1
1.24,95.04,94.15,2,48.44,0
6.27,71.09,43.99,5,55.34,1
9.46,63.84,72.04,0,68.47,1
6.18,79.62,48.53,1,42.86,0
4.49,95.62,40.7,0,40.76,0
6.79,60.53,65.32,4,58.76,1
5.12,81.15,57.7,6,58.08,1
5.91,81.58,69.16,7,60.93,1
9.47,86.66,74.63,9,87.01,1
4.47,56.58,42.62,0,46.89,0
9.65,85.79,47.38,6,68.48,1
9.15,95.45,73.52,4,67.5,1
2.76,58.98,60.59,9,47.13,0
1.62,61.88,83.75,0,42.85,0
1.91,98.57,79.14,2,57.74,1
1.16,59.05,90.74,6,56.32,1
1.85,92.72,81.55,9,65.62,1
7.15,74.61,65.8,0,49.58,0
1.64,62.36,80.38,6,47.23,0
3.87,93.54,56.52,4,57.52,1
8.6,72.27,58.38,0,58.05,1
1.21,75.74,87.34,0,36.64,0
8.33,67.96,66.79,0,62.4,1
3.54,79.65,87.9,10,74.01,1
2.06,58.18,89.35,8,66.6,1
7.27,69.55,91.45,10,72.81,1
6.66,98.47,95.0,2,62.02,1
8.9,62.91,65.86,4,61.84,1
7.62,82.84,59.13,10,75.86,1
8.23,66.26,74.93,9,83.29,1
3.54,88.67,62.27,8,64.79,1
2.6,56.54,76.06,5,49.41,0
7.76,98.49,82.34,8,74.66,1
8.26,72.69,81.3,7,79.73,1
9.91,61.8,62.47,7,65.07,1
4.71,53.67,50.01,0,45.66,0
4.35,58.49,65.83,8,56.9,1
7.99,75.99,48.56,5,67.69,1
4.07,66.85,93.41,8,70.95,1
9.38,91.44,60.75,2,63.27,1
8.73,71.54,49.27,2,52.31,1
4.86,62.44,41.53,5,45.39,0
7.76,80.86,78.75,8,77.33,1
7.79,85.34,78.21,6,72.4,1
1.93,58.35,60.44,2,35.65,0
9.12,58.38,44.3,2,50.95,1
5.55,51.83,64.58,1,46.0,0
8.44,86.82,58.67,8,61.42,1
3.88,83.19,80.63,2,56.82,1
9.06,73.73,76.35,10,75.4,1
4.5,92.21,61.88,4,50.49,1
1.1,90.28,53.07,8,44.29,0
9.15,79.27,99.28,7,73.54,1
1.82,93.41,67.24,1,38.63,0
3.87,60.29,81.3,2,46.59,0
9.55,55.6,48.43,1,61.29,1
9.56,63.49,69.14,7,68.7,1
6.16,52.85,41.65,5,49.36,0
6.69,76.56,70.33,5,65.13,1
5.04,96.83,97.84,8,77.96,1
3.64,51.97,63.05,7,52.02,1
3.96,56.11,42.34,3,33.84,0
7.05,72.61,41.86,3,57.97,1
7.77,96.69,63.28,8,82.79,1
8.12,65.81,49.6,0,39.94,0
8.11,75.36,41.4,1,44.64,0
1.82,52.08,85.37,1,41.18,0
5.45,57.42,67.51,5,50.54,1
1.52,99.33,57.35,3,49.4,0
5.95,98.26,94.0,10,79.08,1
4.97,50.25,46.97,9,65.4,1
8.99,97.59,97.36,2,81.15,1
4.16,81.96,58.84,2,49.5,0
2.05,93.4,93.3,2,60.94,1
2.29,72.74,76.18,5,58.65,1
7.85,75.78,89.6,7,72.85,1
6.56,74.44,99.04,10,76.93,1
1.91,83.34,57.3,6,51.03,1
1.76,56.98,97.67,3,55.4,1
7.31,51.5,63.37,10,68.28,1
1.65,65.4,63.13,3,34.27,0
8.4,85.23,60.42,10,72.15,1
7.36,60.09,72.48,9,69.78,1
1.73,83.67,49.25,10,55.46,1
1.76,98.5,73.22,10,75.94,1
9.88,54.7,72.5,10,70.46,1
4.37,83.63,85.71,1,57.89,1
4.34,72.19,90.02,0,59.73,1
8.32,93.41,66.43,8,86.75,1
9.53,58.86,58.14,1,53.0,1
9.87,84.63,55.56,7,74.74,1
7.78,91.91,51.68,8,72.18,1
4.39,97.23,43.46,3,50.43,1
1.75,84.16,60.55,7,52.88,1
7.99,74.86,56.21,8,70.0,1
6.03,80.89,97.99,9,65.98,1
4.82,93.45,73.46,9,74.18,1
9.16,78.53,60.84,4,65.48,1
2.0,51.52,74.83,6,48.64,0
5.43,96.55,48.35,9,75.63,1
1.1,84.48,66.64,3,42.27,0
5.22,83.83,77.57,0,51.07,1
1.51,60.78,69.33,2,50.68,1
2.07,82.94,64.11,4,44.83,0
2.06,69.69,99.63,2,50.22,1
6.84,82.56,92.82,10,80.73,1
7.71,55.33,77.4,6,69.78,1
6.25,82.89,74.16,8,71.49,1
9.66,99.97,77.24,5,70.85,1
4.37,52.41,52.08,9,52.38,1
3.57,98.86,63.71,0,44.78,0
8.82,70.35,42.37,6,60.44,1
3.01,93.54,68.53,2,52.93,1
9.67,89.12,72.58,4,73.86,1
1.11,78.35,53.66,9,43.66,0
9.73,86.92,97.84,3,82.38,1
1.39,93.93,94.57,9,69.89,1
9.02,70.21,83.33,4,76.51,1
5.75,66.35,72.0,4,59.47,1
9.94,83.38,92.2,5,84.68,1
1.66,90.39,47.84,9,56.92,1
5.98,88.11,87.43,9,83.54,1
9.72,89.89,47.49,10,79.15,1
5.71,71.78,87.65,5,64.43,1
6.66,90.89,56.55,7,77.17,1
7.26,56.01,92.63,7,75.59,1
5.09,77.22,96.64,10,80.03,1
6.65,50.29,48.93,8,50.97,1
6.26,66.23,67.76,7,56.78,1
9.11,68.32,98.86,10,87.56,1
1.41,69.81,69.0,1,40.91,0
3.53,84.77,91.81,9,68.25,1
9.55,69.43,75.32,10,81.07,1
9.01,72.43,62.52,0,63.72,1
5.1,61.88,57.15,9,63.75,1
6.58,68.66,52.19,1,42.14,0
3.5,61.36,85.71,1,48.17,0
2.69,53.66,63.19,2,36.4,0
5.17,80.17,70.68,9,66.23,1
4.18,83.41,69.54,6,57.93,1
6.25,80.97,74.64,1,53.83,1
1.7,73.17,91.93,0,40.19,0
9.77,68.99,98.84,5,77.24,1
9.88,93.17,64.46,8,75.86,1
7.28,75.95,89.65,2,49.65,0
5.82,73.96,85.87,5,75.38,1
3.79,51.28,74.41,2,51.49,1
8.32,67.06,97.36,0,61.55,1
7.16,69.01,52.03,4,55.41,1
2.46,69.94,46.56,9,46.26,0
9.2,79.01,91.24,10,94.65,1
8.4,76.68,66.35,3,71.73,1
9.55,80.4,90.82,6,79.98,1
7.53,88.24,93.59,5,79.67,1
6.52,90.65,43.75,9,66.43,1
4.76,85.91,93.01,6,62.31,1
9.39,97.78,66.9,4,69.05,1
8.79,50.91,70.63,3,60.02,1
1.41,59.79,77.6,6,48.48,0
1.24,50.38,95.58,6,52.75,1
4.39,82.37,41.15,5,49.33,0
8.29,94.9,68.61,7,73.9,1
9.89,62.17,81.26,3,67.79,1
2.35,96.35,83.36,9,62.86,1
6.35,53.01,81.55,4,55.35,1
4.43,96.72,48.07,3,44.41,0
9.73,67.58,57.96,0,60.12,1
8.58,55.07,61.52,7,54.39,1
8.54,74.29,88.27,0,68.47,1
5.22,62.84,56.73,4,57.56,1
4.73,64.24,52.64,5,48.96,0
3.46,65.36,97.45,5,47.94,0
1.51,90.15,40.53,4,40.15,0
8.78,76.96,99.87,2,70.99,1
8.32,65.57,80.61,4,61.03,1
10.0,80.52,89.71,7,79.43,1
9.97,85.81,57.68,1,69.04,1
6.0,63.63,40.86,5,53.31,1
7.92,70.68,84.27,8,70.6,1
9.5,56.09,90.05,7,68.0,1
8.65,59.06,84.43,10,77.12,1
3.23,84.06,48.57,7,52.38,1
5.05,59.07,85.21,7,66.49,1
2.16,76.26,86.14,6,55.82,1
9.59,85.45,79.51,7,81.47,1
6.46,55.34,85.97,5,72.67,1
3.06,78.37,90.76,1,56.62,1
7.05,62.83,76.82,1,54.98,1
6.56,98.15,45.32,7,62.72,1
4.22,74.18,69.26,10,64.39,1
2.02,90.3,44.66,0,42.42,0
7.04,77.51,64.45,5,59.31,1
5.68,52.17,64.43,5,54.2,1
7.95,81.66,43.96,10,69.65,1
5.68,97.57,60.93,3,55.49,1
8.67,80.08,46.66,10,64.83,1
5.97,90.96,88.49,10,81.27,1
6.05,94.21,96.86,9,80.72,1
8.89,61.4,44.34,2,54.31,1
4.63,60.6,97.31,10,70.22,1
2.21,80.55,71.35,2,53.14,1
1.26,70.55,57.97,0,30.27,0
7.8,91.99,44.61,2,63.83,1
6.58,95.0,70.04,3,53.73,1
7.34,67.67,87.67,10,80.35,1
2.92,61.84,82.43,10,66.77,1
2.23,89.03,43.01,4,40.3,0
1.13,63.74,44.37,2,35.01,0
4.16,91.13,64.17,5,64.26,1
6.31,71.19,57.72,10,56.24,1
4.53,83.38,53.94,4,54.7,1
4.94,54.78,56.86,2,31.89,0
9.14,81.19,88.21,5,70.72,1
4.13,72.59,95.75,5,71.73,1
5.63,79.33,64.31,7,60.31,1
8.05,58.4,94.37,1,56.25,1
4.57,86.84,59.29,0,45.59,0
6.6,93.14,68.59,3,72.04,1
8.76,60.84,53.56,6,52.98,1
9.55,54.79,78.43,10,73.09,1
2.32,51.18,98.74,9,71.15,1
9.34,82.1,76.21,2,75.92,1
5.43,80.35,61.47,2,51.57,1
3.32,77.33,78.87,4,49.24,0
5.13,61.6,47.38,4,57.84,1
9.82,69.55,93.32,9,92.43,1
5.43,79.72,70.19,2,57.98,1
3.96,74.84,66.96,8,56.89,1
6.7,99.39,75.15,3,64.93,1
3.16,56.82,77.49,2,45.71,0
1.68,84.76,44.31,10,56.1,1
2.16,70.22,80.96,1,52.99,1
2.15,71.41,54.52,9,58.41,1
2.37,85.88,82.84,10,62.56,1
2.25,84.62,89.35,8,72.24,1
6.77,99.56,88.24,3,70.87,1
2.64,56.42,73.15,2,47.26,0
4.11,55.21,71.21,6,62.01,1
9.07,86.22,48.57,7,62.93,1
5.27,78.92,86.52,10,74.73,1
7.01,63.71,56.28,1,46.49,0
2.55,53.97,69.8,6,42.27,0
2.73,54.28,57.06,4,44.53,0
1.37,94.71,48.03,10,69.33,1
2.52,59.59,77.77,4,40.35,0
3.51,66.17,43.26,2,38.82,0
2.59,61.33,84.92,4,55.43,1
1.8,67.75,59.06,1,38.38,0
2.09,53.47,40.01,3,33.35,0
5.15,75.95,70.67,5,52.76,1
2.86,53.38,42.81,0,31.83,0
4.28,90.02,56.57,9,59.89,1
5.53,61.69,82.42,3,45.94,0
7.21,77.0,43.76,5,62.54,1
1.35,94.0,90.36,8,70.09,1
8.19,82.54,40.23,10,69.32,1
6.65,76.65,54.81,10,69.55,1
1.74,66.22,84.45,1,50.29,1
8.86,66.65,58.98,10,74.3,1
9.29,83.47,46.11,6,70.27,1
1.55,99.71,61.61,5,50.81,1
3.49,83.09,56.22,1,50.78,1
8.26,77.89,90.56,7,78.99,1
7.73,86.53,58.8,6,67.25,1
2.66,73.26,87.34,10,61.15,1
2.88,53.01,93.51,4,55.3,1
4.33,78.11,66.03,4,50.11,1
5.36,97.88,94.6,6,70.17,1
6.56,58.77,62.64,8,58.88,1
4.32,84.5,97.84,10,71.72,1
5.16,60.05,45.36,8,65.15,1
7.73,76.79,81.22,8,81.7,1
1.33,54.83,69.63,5,54.78,1
3.27,72.52,63.26,9,53.55,1
7.42,87.81,77.96,5,69.86,1
9.06,67.38,82.23,2,58.32,1
5.61,83.25,40.26,0,39.26,0
5.79,89.77,50.02,6,54.84,1
1.96,96.36,82.78,3,61.22,1
5.03,61.73,79.98,0,46.93,0
5.79,69.97,97.96,7,77.21,1
3.18,57.62,85.66,5,58.2,1
3.42,99.62,97.05,5,79.11,1
4.4,96.35,82.15,1,49.51,0
1.18,77.0,57.88,0,42.01,0
3.9,92.1,46.32,1,49.8,0
2.9,76.05,86.91,3,49.67,0
3.95,81.18,78.65,1,56.73,1
2.08,54.46,42.89,0,30.63,0
9.01,87.76,61.6,6,69.43,1
6.34,56.39,97.41,10,72.24,1
7.11,91.3,70.02,10,73.45,1
8.1,89.1,65.96,7,82.11,1
5.49,85.44,67.46,5,61.04,1
1.78,51.81,52.53,3,40.49,0
5.83,65.16,62.12,5,52.3,1
6.28,63.16,62.19,2,47.09,0
7.71,68.01,43.14,7,65.23,1
4.88,54.38,86.05,9,60.16,1
2.15,96.85,64.99,1,44.16,0
3.55,77.69,89.33,4,59.39,1
4.27,65.28,91.02,0,51.59,1
6.81,69.85,52.72,5,55.92,1
6.14,72.36,79.44,1,57.63,1
4.2,80.03,68.34,3,56.48,1
9.88,75.78,92.81,5,81.37,1
6.45,95.97,52.94,9,64.28,1
3.14,74.85,80.67,10,65.59,1
1.92,99.61,76.47,7,67.63,1
2.38,92.57,57.72,7,60.24,1
3.21,60.43,48.2,10,47.71,0
2.45,96.53,79.1,5,60.91,1
2.68,55.82,84.32,3,39.27,0
3.57,90.87,58.94,7,59.01,1
2.56,69.03,78.69,7,67.3,1
9.07,93.9,63.71,9,73.83,1
1.72,93.4,82.79,0,43.65,0
5.72,90.3,51.95,3,57.77,1
4.69,89.5,93.41,3,55.94,1
9.84,65.23,57.24,6,63.66,1
2.01,54.05,62.07,10,57.43,1
4.58,70.15,43.49,6,47.36,0
9.73,58.68,46.69,10,68.88,1
8.79,84.75,70.95,7,77.93,1
8.35,67.3,56.06,10,73.27,1
3.32,98.78,90.13,4,64.43,1
2.54,82.05,40.88,6,45.32,0
7.02,91.12,62.75,7,70.44,1
9.36,56.63,60.24,8,68.19,1
6.01,93.1,41.16,2,52.28,1
6.14,96.14,47.46,2,50.34,1
3.52,74.35,64.82,3,48.2,0
7.93,80.31,69.57,4,59.8,1
2.68,88.24,64.26,9,61.46,1
3.91,58.74,71.86,0,39.03,0
4.83,75.13,75.71,6,56.24,1
5.57,69.93,40.6,8,57.38,1
3.18,57.32,67.85,7,54.84,1
2.03,68.38,97.81,4,60.02,1
6.5,53.41,71.14,3,52.11,1
3.6,51.29,80.65,6,57.49,1
6.23,56.76,58.71,4,55.3,1
2.39,98.16,86.44,6,65.76,1
5.33,77.48,86.38,0,50.61,1
5.79,98.29,71.28,0,56.27,1
1.47,71.62,98.56,9,67.38,1
4.03,65.59,47.53,2,41.49,0
2.21,75.31,41.02,10,42.46,0
1.57,71.98,86.21,1,46.99,0
9.91,55.28,88.43,1,75.42,1
3.9,82.04,47.21,6,50.52,1
8.29,60.8,55.93,9,64.02,1
3.29,80.98,41.05,1,40.61,0
7.13,82.51,57.6,10,73.18,1
7.84,57.6,86.39,3,69.01,1
6.36,53.07,71.08,1,43.55,0
5.24,89.04,60.89,5,62.84,1
4.71,72.99,62.3,7,62.01,1
4.14,52.91,40.08,9,50.24,1
9.37,99.74,57.99,3,68.45,1
8.48,52.89,78.79,4,68.55,1
9.69,84.75,98.45,3,81.06,1
2.12,99.18,90.82,2,50.67,1
7.58,61.96,41.42,4,55.86,1
9.45,57.11,93.91,8,78.89,1
2.63,56.07,86.99,7,58.25,1
1.6,65.16,86.82,7,57.44,1
7.67,55.05,67.48,7,63.68,1
6.17,84.61,63.88,7,71.47,1
8.58,53.11,58.17,6,61.1,1
2.26,75.47,43.94,7,42.32,0
8.16,99.83,53.69,10,74.5,1
2.81,90.7,54.8,7,56.51,1
2.47,80.76,69.04,7,63.19,1
2.48,65.31,84.85,9,65.73,1
8.33,81.19,68.43,6,65.34,1
6.99,76.35,43.47,0,58.2,1
5.71,71.3,97.47,3,65.09,1
4.23,56.54,96.56,3,63.23,1
8.89,94.33,87.11,4,74.48,1
4.53,72.49,99.48,9,76.34,1
8.35,59.73,72.67,5,68.82,1
4.95,68.39,97.77,3,67.48,1
4.39,70.71,44.54,1,45.77,0
5.16,91.38,61.94,5,64.13,1
3.71,86.68,53.52,7,55.1,1
7.73,88.47,51.75,7,63.68,1
5.52,50.55,48.45,6,52.12,1
3.09,70.81,77.34,5,59.76,1
9.1,74.07,86.88,1,64.5,1
4.46,50.96,74.7,6,61.06,1
5.89,62.99,48.82,10,69.24,1
9.16,88.01,88.67,4,70.52,1
6.62,56.86,78.16,5,57.18,1
2.05,76.77,63.29,9,56.77,1
9.46,60.76,80.45,7,75.47,1
6.65,50.61,55.59,7,54.8,1
4.01,62.06,60.71,2,51.42,1
2.25,98.79,95.05,6,68.03,1
8.15,90.08,57.43,0,55.81,1
6.58,97.98,68.2,0,49.33,0
5.8,74.39,93.41,6,62.82,1
9.05,55.49,82.46,9,77.85,1
8.1,77.4,43.73,8,54.18,1
2.37,72.72,48.84,6,52.17,1
3.81,92.22,40.47,9,57.31,1
3.24,54.9,77.86,4,66.64,1
7.7,74.41,66.86,7,79.72,1
1.3,57.5,48.06,1,30.26,0
6.13,66.23,97.48,8,73.28,1
7.86,86.87,71.78,5,73.54,1
8.89,73.8,54.51,8,77.86,1
4.08,68.79,70.04,1,38.78,0
8.39,69.72,80.78,2,54.22,1
2.0,72.97,44.57,7,43.85,0
8.62,89.25,56.48,0,59.25,1
2.15,94.6,88.42,9,71.3,1
4.58,97.77,67.58,6,68.62,1
8.18,89.35,72.79,6,66.15,1
2.35,65.77,65.97,0,27.24,0
3.06,84.41,42.63,8,57.62,1
7.5,71.88,49.94,7,57.97,1
7.48,62.73,66.73,3,47.17,0
6.77,92.04,52.55,9,69.83,1
7.25,51.92,43.0,10,65.36,1
5.88,95.09,90.62,4,68.3,1
3.27,73.07,98.87,1,52.15,1
4.11,81.86,87.59,8,68.13,1
2.63,82.97,91.23,5,58.69,1
9.18,94.76,54.52,2,55.51,1
6.25,81.83,97.64,6,69.71,1
4.61,80.7,51.82,8,61.81,1
5.16,53.33,97.09,2,58.3,1
9.53,75.92,99.69,1,71.75,1
2.38,57.51,82.7,6,49.29,0
6.28,86.87,98.87,6,73.82,1
5.55,75.61,74.17,3,46.37,0
6.5,84.01,55.57,10,70.62,1
1.16,52.08,66.22,8,56.33,1
8.85,54.24,75.61,7,62.28,1
9.39,85.82,44.38,0,51.02,1
6.09,53.6,77.34,0,50.78,1
7.27,53.56,98.87,4,72.81,1
9.3,50.61,51.41,5,56.56,1
7.37,97.83,87.56,2,64.78,1
2.37,86.88,94.47,8,57.8,1
6.19,67.66,96.62,9,76.5,1
6.46,64.83,97.61,5,78.61,1
4.82,67.49,71.29,3,54.31,1
7.63,88.73,98.64,6,78.3,1
9.41,83.07,85.44,7,81.38,1
9.33,59.26,49.7,8,66.03,1
5.06,58.71,68.61,10,60.9,1
2.02,54.92,83.1,5,55.08,1
9.86,83.02,54.84,5,68.84,1
8.55,88.22,78.44,7,76.64,1
2.12,63.25,80.0,4,45.08,0
9.29,51.05,49.76,2,58.87,1
8.83,54.11,73.91,2,62.39,1
5.67,98.39,86.3,5,66.98,1
6.32,64.77,69.93,1,56.75,1
4.59,88.46,40.73,5,48.9,0
1.49,81.23,40.54,5,38.23,0
4.02,69.1,61.42,7,52.49,1
8.23,60.28,95.57,6,64.44,1
1.04,56.07,53.72,7,46.29,0
4.0,80.75,78.06,8,56.42,1
4.58,88.73,53.32,5,49.06,0
5.84,82.2,59.3,2,42.44,0
9.28,76.52,90.88,9,83.33,1
4.12,52.1,83.73,2,49.08,0
4.12,98.42,45.72,10,62.08,1
7.64,89.94,65.72,0,51.58,1
5.07,64.64,41.75,10,52.27,1
3.02,99.0,68.85,4,58.33,1
5.07,80.09,79.75,3,55.87,1
2.27,79.12,47.11,8,53.21,1
2.59,87.4,57.33,8,52.72,1
5.49,90.59,63.87,4,59.9,1
4.77,82.82,95.17,9,81.56,1
9.23,56.4,99.6,3,73.17,1
4.26,66.91,42.69,6,46.78,0
6.23,96.4,85.66,5,71.83,1
6.69,61.23,62.3,3,52.46,1
1.12,68.61,63.55,9,53.62,1
6.97,71.6,85.26,1,57.7,1
2.6,71.97,95.11,0,48.61,0
9.65,80.65,97.06,3,76.43,1
2.34,97.15,74.63,3,48.7,0
4.73,62.03,61.43,0,37.58,0
1.77,56.08,87.25,5,44.87,0
9.97,59.87,55.06,3,51.42,1
5.52,94.35,73.84,0,48.74,0
6.36,82.29,61.51,0,51.61,1
1.6,64.3,79.4,0,36.22,0
7.75,90.8,54.42,7,70.43,1
2.89,93.07,51.5,9,59.46,1
9.08,92.33,95.09,7,73.86,1
2.85,95.95,46.11,1,45.41,0
2.72,62.61,70.36,10,64.47,1
1.33,87.75,53.25,6,43.88,0
5.25,73.03,42.34,7,56.53,1
6.08,92.1,42.16,7,55.99,1
1.59,86.42,50.51,10,56.91,1
7.98,88.82,92.01,9,76.99,1
5.08,82.81,56.95,10,57.38,1
5.72,58.87,97.03,6,65.27,1
4.97,77.25,74.9,4,57.72,1
4.61,99.23,66.2,0,49.23,0
6.04,96.87,74.81,8,66.99,1
2.4,52.16,71.0,6,47.73,0
2.64,58.24,85.53,1,47.25,0
8.76,56.59,56.95,5,60.07,1
9.52,86.3,61.18,1,62.31,1
4.36,90.89,93.65,0,53.82,1
3.44,60.68,96.79,6,67.62,1
6.8,75.29,93.55,1,56.23,1
4.68,92.04,65.17,1,54.09,1
1.23,86.64,86.82,10,72.36,1
2.41,77.11,68.58,4,52.41,1
7.44,79.52,69.85,4,62.46,1
6.93,75.42,52.28,6,57.45,1
1.24,64.88,75.47,0,43.91,0
3.0,78.25,51.17,7,45.38,0
3.08,84.44,59.89,2,41.71,0
7.05,93.67,91.3,3,67.75,1
1.18,81.81,52.42,8,57.22,1
1.94,88.06,44.27,3,43.63,0
8.2,58.0,44.14,9,58.5,1
2.61,73.08,96.45,4,56.52,1
6.87,50.47,70.42,6,57.33,1
3.14,62.33,64.56,3,42.15,0
1.89,86.32,88.65,0,53.49,1
3.19,99.59,90.15,8,64.08,1
7.5,54.96,59.93,3,61.77,1
8.7,70.07,81.62,8,80.39,1
8.47,90.0,86.27,5,80.52,1
4.57,60.2,79.28,0,44.95,0
7.01,77.75,49.1,2,51.06,1
2.84,86.65,92.55,10,65.04,1
3.64,80.8,72.35,1,46.34,0
9.07,59.4,56.95,8,70.1,1
1.12,67.77,65.51,0,42.48,0
1.77,89.19,42.25,8,45.4,0
2.87,77.71,47.67,8,51.19,1
1.24,50.26,85.93,7,52.17,1
2.63,88.05,40.0,7,43.21,0
6.25,51.77,64.99,10,68.43,1
4.79,87.29,71.35,0,47.22,0
9.03,60.12,43.28,10,66.62,1
8.36,97.9,98.38,7,81.73,1
4.08,68.4,53.57,9,53.99,1
3.33,66.35,58.25,2,43.05,0
4.42,57.44,58.24,10,58.92,1
6.31,65.28,53.82,6,55.13,1
3.41,93.83,40.09,10,55.68,1
6.62,99.82,83.76,0,63.23,1
4.68,68.42,98.01,0,63.07,1
5.97,72.43,53.46,9,64.14,1
4.93,86.1,79.78,4,66.45,1
3.65,94.31,84.51,4,54.39,1
9.54,79.65,90.91,7,81.83,1
7.87,69.58,65.36,6,59.72,1
2.26,70.63,58.18,7,43.85,0
8.82,84.78,59.52,5,63.16,1
5.39,50.16,82.76,5,64.29,1
9.05,80.98,89.01,1,72.28,1
8.2,67.77,50.9,5,60.54,1
4.83,89.71,62.26,4,49.02,0
1.2,54.65,94.12,2,45.19,0
3.42,79.41,88.4,5,62.46,1
5.87,74.05,99.09,7,74.1,1
6.7,82.12,85.25,8,65.53,1
3.32,53.24,63.59,0,33.58,0
2.25,79.0,75.44,2,47.75,0
8.51,78.07,79.66,2,67.48,1
9.86,78.03,44.71,10,62.69,1
5.73,80.17,72.67,7,65.35,1
2.55,83.82,82.56,0,48.61,0
3.45,90.25,50.04,4,53.94,1
1.17,63.49,86.84,2,49.13,0
9.23,91.25,75.03,1,68.74,1
2.06,74.91,97.13,7,59.27,1
6.19,53.85,42.55,2,33.47,0
3.47,52.93,55.92,6,46.06,0
5.99,66.71,76.09,10,76.15,1
6.86,89.24,57.79,0,59.31,1
8.47,85.38,82.87,5,76.66,1
2.86,89.43,85.54,2,56.84,1
1.1,75.86,46.15,7,47.66,0
2.23,72.01,70.83,5,48.45,0
9.1,57.37,70.53,1,56.73,1
8.87,66.41,62.16,5,72.44,1
6.38,71.7,95.98,6,66.36,1
6.4,54.43,89.65,4,69.87,1
6.99,61.03,81.83,2,56.61,1
2.58,79.91,82.86,3,59.91,1
9.23,86.78,67.7,3,59.71,1
4.77,99.92,95.26,5,73.41,1
4.45,96.66,81.68,9,69.27,1
5.67,82.13,83.74,0,48.65,0
1.42,71.06,91.7,10,66.37,1
2.5,81.81,56.44,3,50.58,1
7.64,89.28,88.42,9,77.26,1
1.75,55.92,51.71,3,29.57,0
6.43,70.5,60.72,9,65.93,1
3.21,91.99,60.14,0,44.02,0
4.5,69.19,98.71,8,73.45,1
3.6,78.59,91.39,3,62.88,1
4.2,79.39,82.07,6,62.7,1
7.47,59.22,83.62,2,68.89,1
3.67,68.11,73.72,9,64.05,1
6.1,66.73,96.83,2,59.9,1
5.28,51.31,69.78,7,50.35,1
6.97,51.21,62.83,7,59.21,1
9.43,91.58,49.78,10,75.15,1
7.59,63.65,87.17,0,62.67,1
2.93,75.9,84.07,9,68.05,1
1.28,64.94,63.06,1,31.21,0
3.36,97.03,41.51,7,55.12,1
6.36,62.96,90.34,0,58.94,1
1.46,71.48,40.69,7,51.8,1
5.47,93.64,82.22,7,75.5,1
6.37,92.1,98.22,1,69.62,1
4.01,59.31,66.26,3,48.06,0
7.94,90.13,54.1,5,66.04,1
1.96,72.91,82.29,10,70.42,1
1.68,74.15,89.03,8,55.06,1
7.55,56.67,72.79,7,64.31,1
5.46,54.03,98.02,7,64.0,1
7.2,86.4,43.1,6,62.09,1
4.91,74.82,70.29,8,70.49,1
3.22,71.84,83.11,1,46.36,0
8.37,86.48,91.76,2,57.8,1
8.19,88.28,50.76,9,69.31,1
7.25,57.95,88.0,7,74.69,1
3.45,80.51,73.16,5,59.36,1
6.31,56.77,63.79,9,66.41,1
4.25,87.57,47.9,8,57.11,1
1.82,82.85,91.92,9,60.31,1
9.26,97.83,49.44,3,66.11,1
2.23,53.45,58.59,7,43.67,0
9.55,52.85,57.4,9,80.59,1
5.01,64.11,92.28,2,59.89,1
